<application>
  <component name="dataSourceStorage" format="xml" multifile-model="true">
    <data-source source="LOCAL" name="rpdev" uuid="861a2112-1b2c-48ce-af4a-ce49bf896a3e">
      <driver-ref>postgresql</driver-ref>
      <synchronize>true</synchronize>
      <jdbc-driver>org.postgresql.Driver</jdbc-driver>
      <jdbc-url>jdbc:postgresql://rpdev-db.int.compax.at:5432/aax2db?currentSchema=&quot;aax2&quot;&amp;Application Name=NguyenHo</jdbc-url>
      <jdbc-additional-properties>
        <property name="com.intellij.clouds.kubernetes.db.host.port" />
        <property name="com.intellij.clouds.kubernetes.db.enabled" value="false" />
        <property name="com.intellij.clouds.kubernetes.db.resource.type" value="Deployment" />
        <property name="com.intellij.clouds.kubernetes.db.container.port" />
      </jdbc-additional-properties>
      <working-dir>$ProjectFileDir$</working-dir>
    </data-source>
    <data-source source="LOCAL" name="rpkonf" uuid="3617d022-ffc3-4e1b-b365-d8c81b4a39bd">
      <driver-ref>postgresql</driver-ref>
      <synchronize>true</synchronize>
      <jdbc-driver>org.postgresql.Driver</jdbc-driver>
      <jdbc-url>jdbc:postgresql://rpkonf-db.int.compax.at:5432/aax2db?currentSchema=&quot;aax2&quot;</jdbc-url>
      <jdbc-additional-properties>
        <property name="com.intellij.clouds.kubernetes.db.host.port" />
        <property name="com.intellij.clouds.kubernetes.db.enabled" value="false" />
        <property name="com.intellij.clouds.kubernetes.db.resource.type" value="Deployment" />
        <property name="com.intellij.clouds.kubernetes.db.container.port" />
      </jdbc-additional-properties>
      <working-dir>$ProjectFileDir$</working-dir>
    </data-source>
    <data-source source="LOCAL" name="rpdemo" uuid="b45f9a3f-d0cc-441c-9754-7928daf377b2">
      <driver-ref>postgresql</driver-ref>
      <synchronize>true</synchronize>
      <jdbc-driver>org.postgresql.Driver</jdbc-driver>
      <jdbc-url>jdbc:postgresql://rpint.int.compax.at:5432/aax2db?currentSchema=&quot;aax2&quot;</jdbc-url>
      <jdbc-additional-properties>
        <property name="com.intellij.clouds.kubernetes.db.host.port" />
        <property name="com.intellij.clouds.kubernetes.db.enabled" value="false" />
        <property name="com.intellij.clouds.kubernetes.db.container.port" />
      </jdbc-additional-properties>
      <working-dir>$ProjectFileDir$</working-dir>
    </data-source>
    <data-source source="LOCAL" name="srint2" uuid="ac06ff79-f466-4cfe-b493-ab1fa0b573df">
      <driver-ref>postgresql</driver-ref>
      <synchronize>true</synchronize>
      <jdbc-driver>org.postgresql.Driver</jdbc-driver>
      <jdbc-url>jdbc:postgresql://postgres-dev.zur.int.compax.at:5434/srint2?currentSchema=&quot;aax2&quot;</jdbc-url>
      <jdbc-additional-properties>
        <property name="com.intellij.clouds.kubernetes.db.host.port" />
        <property name="com.intellij.clouds.kubernetes.db.enabled" value="false" />
        <property name="com.intellij.clouds.kubernetes.db.resource.type" value="Deployment" />
        <property name="com.intellij.clouds.kubernetes.db.container.port" />
      </jdbc-additional-properties>
      <working-dir>$ProjectFileDir$</working-dir>
    </data-source>
    <data-source source="LOCAL" name="rpint-perf2" uuid="41302ba6-45a8-4f00-82f4-59a90833c84a">
      <driver-ref>postgresql</driver-ref>
      <synchronize>true</synchronize>
      <jdbc-driver>org.postgresql.Driver</jdbc-driver>
      <jdbc-url>jdbc:postgresql://rpint-perf2-db.int.compax.at:5432/rpintperf2?currentSchema=&quot;aax2&quot;</jdbc-url>
      <jdbc-additional-properties>
        <property name="com.intellij.clouds.kubernetes.db.host.port" />
        <property name="com.intellij.clouds.kubernetes.db.enabled" value="false" />
        <property name="com.intellij.clouds.kubernetes.db.resource.type" value="Deployment" />
        <property name="com.intellij.clouds.kubernetes.db.container.port" />
      </jdbc-additional-properties>
      <working-dir>$ProjectFileDir$</working-dir>
    </data-source>
    <data-source source="LOCAL" name="rpint-perf1" uuid="9789496f-f72c-49ba-8ac3-a98f383c6042">
      <driver-ref>postgresql</driver-ref>
      <synchronize>true</synchronize>
      <jdbc-driver>org.postgresql.Driver</jdbc-driver>
      <jdbc-url>jdbc:postgresql://rpint-perf1-db.int.compax.at:5432/rpintperf1?currentSchema=&quot;aax2&quot;&amp;Application Name=NguyenHo</jdbc-url>
      <jdbc-additional-properties>
        <property name="com.intellij.clouds.kubernetes.db.host.port" />
        <property name="com.intellij.clouds.kubernetes.db.enabled" value="false" />
        <property name="com.intellij.clouds.kubernetes.db.resource.type" value="Deployment" />
        <property name="com.intellij.clouds.kubernetes.db.container.port" />
      </jdbc-additional-properties>
      <working-dir>$ProjectFileDir$</working-dir>
    </data-source>
    <data-source source="LOCAL" name="rpintregtest" uuid="cd1b44b9-db16-4d2a-a48e-d68b78d9f5a1">
      <driver-ref>postgresql</driver-ref>
      <synchronize>true</synchronize>
      <jdbc-driver>org.postgresql.Driver</jdbc-driver>
      <jdbc-url>jdbc:postgresql://postgres-dev.fra.int.compax.at:5442/rpintregtest?currentSchema=&quot;aax2&quot;</jdbc-url>
      <jdbc-additional-properties>
        <property name="com.intellij.clouds.kubernetes.db.host.port" />
        <property name="com.intellij.clouds.kubernetes.db.enabled" value="false" />
        <property name="com.intellij.clouds.kubernetes.db.resource.type" value="Deployment" />
        <property name="com.intellij.clouds.kubernetes.db.container.port" />
      </jdbc-additional-properties>
      <working-dir>$ProjectFileDir$</working-dir>
    </data-source>
    <data-source source="LOCAL" name="rpdemo2" uuid="b8fb4b2d-a0f6-4de5-a982-5c446ad369b3">
      <driver-ref>postgresql</driver-ref>
      <synchronize>true</synchronize>
      <jdbc-driver>org.postgresql.Driver</jdbc-driver>
      <jdbc-url>jdbc:postgresql://postgres-dev.tpe.int.compax.at:5434/rpdemo2?currentSchema=&quot;aax2&quot;</jdbc-url>
      <jdbc-additional-properties>
        <property name="com.intellij.clouds.kubernetes.db.host.port" />
        <property name="com.intellij.clouds.kubernetes.db.enabled" value="false" />
        <property name="com.intellij.clouds.kubernetes.db.resource.type" value="Deployment" />
        <property name="com.intellij.clouds.kubernetes.db.container.port" />
      </jdbc-additional-properties>
      <working-dir>$ProjectFileDir$</working-dir>
    </data-source>
  </component>
</application>