<application>
  <component name="Trusted.Paths">
    <option name="TRUSTED_PROJECT_PATHS">
      <map>
        <entry key="$USER_HOME$/IdeaProjects/compax/aax2rp/auth-server-v2" value="true" />
        <entry key="$USER_HOME$/IdeaProjects/compax/aax2rp/backend-api" value="true" />
        <entry key="$USER_HOME$/IdeaProjects/compax/aax2rp/deployall" value="true" />
        <entry key="$USER_HOME$/IdeaProjects/compax/aax2rp/ocs-backend-api" value="true" />
        <entry key="$USER_HOME$/IdeaProjects/ghtkfinance/finance-api" value="true" />
        <entry key="$USER_HOME$/IdeaProjects/masterdev-OnlineBiddingProject" value="true" />
        <entry key="$USER_HOME$/IdeaProjects/spring-boot-websocket-client" value="true" />
        <entry key="$USER_HOME$/IdeaProjects/spring-feature-sample/project-structure" value="true" />
        <entry key="$USER_HOME$/IdeaProjects/untitled" value="true" />
      </map>
    </option>
  </component>
  <component name="Trusted.Paths.Settings">
    <option name="TRUSTED_PATHS">
      <list>
        <option value="$USER_HOME$/IdeaProjects/compax/aax2rp" />
      </list>
    </option>
  </component>
</application>