<application>
  <component name="UISettings">
    <option name="compactTreeIndents" value="true" />
    <option name="DISABLE_MNEMONICS_IN_CONTROLS" value="true" />
    <option name="EDITOR_TAB_LIMIT" value="20" />
    <option name="FULL_PATHS_IN_TITLE_BAR" value="true" />
    <option name="MARK_MODIFIED_TABS_WITH_ASTERISK" value="true" />
    <option name="OPEN_IN_PREVIEW_TAB_IF_POSSIBLE" value="true" />
    <option name="PRESENTATION_MODE_FONT_SIZE" value="26" />
    <option name="SHOW_CLOSE_BUTTON" value="false" />
    <option name="SHOW_NAVIGATION_BAR_MEMBERS" value="false" />
    <option name="SHOW_PREVIEW_IN_SEARCH_EVERYWHERE" value="true" />
    <option name="SHOW_TABS_TOOLTIPS" value="false" />
    <option name="showTreeIndentGuides" value="true" />
    <option name="CONTRAST_SCROLLBARS" value="true" />
    <option name="WIDESCREEN_SUPPORT" value="true" />
  </component>
</application>