<application>
  <component name="ConsoleFoldingSettings">
    <option name="removedPositive">
      <list>
        <option value="at org.junit.internal.runners." />
        <option value="at junit.framework.TestCase.assert" />
        <option value="at com.intellij.junit3." />
        <option value="at org.junit.platform." />
        <option value="at org.junit.vintage." />
        <option value="at junit.framework.Assert.fail" />
        <option value="at junit.framework.TestCase.run" />
        <option value="at com.intellij.rt.junit." />
        <option value="at org.junit.internal.ComparisonCriteria.arrayEquals(" />
        <option value="at junit.framework.TestSuite.run" />
        <option value="at org.junit.Assert.failSame(" />
        <option value="at org.junit.runner.JUnitCore." />
        <option value="at junit.framework.Assert.assert" />
        <option value="at org.junit.Assert.failNotSame(" />
        <option value="at junit.framework.TestResult" />
        <option value="at org.junit.jupiter." />
        <option value="at org.junit.Assert.fail(" />
        <option value="at org.junit.Assert.internalArrayEquals(" />
        <option value="at org.junit.rules." />
        <option value="at com.intellij.junit5." />
        <option value="at org.junit.runners." />
        <option value="at org.mockito.internal." />
        <option value="at org.junit.Assert.assert" />
        <option value="at com.intellij.junit4." />
      </list>
    </option>
  </component>
</application>