<application>
  <component name="DimensionService">
    <size key="GridCell.Tab.0.left.0.0.3024.1964@192dpi" width="2788" height="538" />
    <size key="GridCell.Tab.0.center.0.0.3024.1964@192dpi" width="2788" height="538" />
    <size key="GridCell.Tab.0.right.0.0.3024.1964@192dpi" width="2788" height="538" />
    <size key="GridCell.Tab.0.bottom.0.0.3024.1964@192dpi" width="2788" height="538" />
    <size key="GridCell.Tab.0.left.0.0.2704.1756@192dpi" width="2058" height="802" />
    <size key="GridCell.Tab.0.center.0.0.2704.1756@192dpi" width="2058" height="802" />
    <size key="GridCell.Tab.0.right.0.0.2704.1756@192dpi" width="2058" height="802" />
    <size key="GridCell.Tab.0.bottom.0.0.2704.1756@192dpi" width="2058" height="802" />
    <size key="GridCell.Tab.0.right.0.0.2560.1440@120dpi" width="2168" height="480" />
    <size key="GridCell.Tab.0.left.0.0.2560.1440@120dpi" width="2168" height="480" />
    <size key="GridCell.Tab.0.center.0.0.2560.1440@120dpi" width="2168" height="480" />
    <size key="GridCell.Tab.0.bottom.0.0.2560.1440@120dpi" width="2168" height="480" />
    <size key="GridCell.Tab.1.left.0.0.2560.1440@120dpi" width="2168" height="480" />
    <size key="GridCell.Tab.1.center.0.0.2560.1440@120dpi" width="2168" height="480" />
    <size key="GridCell.Tab.1.right.0.0.2560.1440@120dpi" width="2168" height="480" />
    <size key="GridCell.Tab.1.bottom.0.0.2560.1440@120dpi" width="2168" height="480" />
    <size key="GridCell.Tab.2.left.0.0.2560.1440@120dpi" width="2168" height="480" />
    <size key="GridCell.Tab.2.center.0.0.2560.1440@120dpi" width="2168" height="480" />
    <size key="GridCell.Tab.2.right.0.0.2560.1440@120dpi" width="2168" height="480" />
    <size key="GridCell.Tab.2.bottom.0.0.2560.1440@120dpi" width="2168" height="480" />
    <size key="GridCell.Tab.3.left.0.0.2560.1440@120dpi" width="2168" height="480" />
    <size key="GridCell.Tab.3.center.0.0.2560.1440@120dpi" width="2168" height="480" />
    <size key="GridCell.Tab.3.right.0.0.2560.1440@120dpi" width="2168" height="480" />
    <size key="GridCell.Tab.3.bottom.0.0.2560.1440@120dpi" width="2168" height="480" />
    <size key="GridCell.Tab.4.left.0.0.2560.1440@120dpi" width="2168" height="480" />
    <size key="GridCell.Tab.4.center.0.0.2560.1440@120dpi" width="2168" height="480" />
    <size key="GridCell.Tab.4.right.0.0.2560.1440@120dpi" width="2168" height="480" />
    <size key="GridCell.Tab.4.bottom.0.0.2560.1440@120dpi" width="2168" height="480" />
    <size key="GridCell.Tab.5.left.0.0.2560.1440@120dpi" width="2168" height="479" />
    <size key="GridCell.Tab.5.center.0.0.2560.1440@120dpi" width="2168" height="479" />
    <size key="GridCell.Tab.5.right.0.0.2560.1440@120dpi" width="2168" height="479" />
    <size key="GridCell.Tab.5.bottom.0.0.2560.1440@120dpi" width="2168" height="479" />
    <size key="GridCell.Tab.0.left.0.0.4096.2304@192dpi" width="3486" height="738" />
    <size key="GridCell.Tab.0.center.0.0.4096.2304@192dpi" width="3486" height="738" />
    <size key="GridCell.Tab.0.right.0.0.4096.2304@192dpi" width="3486" height="738" />
    <size key="GridCell.Tab.0.bottom.0.0.4096.2304@192dpi" width="3486" height="738" />
    <size key="GridCell.Tab.1.left.0.0.4096.2304@192dpi" width="3486" height="738" />
    <size key="GridCell.Tab.1.center.0.0.4096.2304@192dpi" width="3486" height="738" />
    <size key="GridCell.Tab.1.right.0.0.4096.2304@192dpi" width="3486" height="738" />
    <size key="GridCell.Tab.1.bottom.0.0.4096.2304@192dpi" width="3486" height="738" />
    <size key="GridCell.Tab.2.left.0.0.4096.2304@192dpi" width="3486" height="738" />
    <size key="GridCell.Tab.2.center.0.0.4096.2304@192dpi" width="3486" height="738" />
    <size key="GridCell.Tab.2.right.0.0.4096.2304@192dpi" width="3486" height="738" />
    <size key="GridCell.Tab.2.bottom.0.0.4096.2304@192dpi" width="3486" height="738" />
    <size key="GridCell.Tab.3.left.0.0.4096.2304@192dpi" width="3486" height="738" />
    <size key="GridCell.Tab.3.center.0.0.4096.2304@192dpi" width="3486" height="738" />
    <size key="GridCell.Tab.3.right.0.0.4096.2304@192dpi" width="3486" height="738" />
    <size key="GridCell.Tab.3.bottom.0.0.4096.2304@192dpi" width="3486" height="738" />
    <size key="GridCell.Tab.4.left.0.0.4096.2304@192dpi" width="3486" height="738" />
    <size key="GridCell.Tab.4.center.0.0.4096.2304@192dpi" width="3486" height="738" />
    <size key="GridCell.Tab.4.right.0.0.4096.2304@192dpi" width="3486" height="738" />
    <size key="GridCell.Tab.4.bottom.0.0.4096.2304@192dpi" width="3486" height="738" />
    <size key="GridCell.Tab.5.left.0.0.4096.2304@192dpi" width="3486" height="738" />
    <size key="GridCell.Tab.5.center.0.0.4096.2304@192dpi" width="3486" height="738" />
    <size key="GridCell.Tab.5.right.0.0.4096.2304@192dpi" width="3486" height="738" />
    <size key="GridCell.Tab.5.bottom.0.0.4096.2304@192dpi" width="3486" height="738" />
    <size key="GridCell.Tab.1.left.0.0.2704.1756@192dpi" width="2058" height="802" />
    <size key="GridCell.Tab.1.center.0.0.2704.1756@192dpi" width="2058" height="802" />
    <size key="GridCell.Tab.1.right.0.0.2704.1756@192dpi" width="2058" height="802" />
    <size key="GridCell.Tab.1.bottom.0.0.2704.1756@192dpi" width="2058" height="802" />
    <size key="GridCell.Tab.2.left.0.0.2704.1756@192dpi" width="2058" height="802" />
    <size key="GridCell.Tab.2.center.0.0.2704.1756@192dpi" width="2058" height="802" />
    <size key="GridCell.Tab.2.right.0.0.2704.1756@192dpi" width="2058" height="802" />
    <size key="GridCell.Tab.2.bottom.0.0.2704.1756@192dpi" width="2058" height="802" />
    <size key="GridCell.Tab.3.left.0.0.2704.1756@192dpi" width="2058" height="802" />
    <size key="GridCell.Tab.3.center.0.0.2704.1756@192dpi" width="2058" height="802" />
    <size key="GridCell.Tab.3.right.0.0.2704.1756@192dpi" width="2058" height="802" />
    <size key="GridCell.Tab.3.bottom.0.0.2704.1756@192dpi" width="2058" height="802" />
    <size key="GridCell.Tab.4.left.0.0.2704.1756@192dpi" width="2058" height="802" />
    <size key="GridCell.Tab.4.center.0.0.2704.1756@192dpi" width="2058" height="802" />
    <size key="GridCell.Tab.4.right.0.0.2704.1756@192dpi" width="2058" height="802" />
    <size key="GridCell.Tab.4.bottom.0.0.2704.1756@192dpi" width="2058" height="802" />
    <size key="GridCell.Tab.5.left.0.0.2704.1756@192dpi" width="2058" height="802" />
    <size key="GridCell.Tab.5.center.0.0.2704.1756@192dpi" width="2058" height="802" />
    <size key="GridCell.Tab.5.right.0.0.2704.1756@192dpi" width="2058" height="802" />
    <size key="GridCell.Tab.5.bottom.0.0.2704.1756@192dpi" width="2058" height="802" />
  </component>
  <component name="WindowManager">
    <frame x="2047" y="1124" width="2048" height="1126" extendedState="6" />
  </component>
  <component name="WindowStateApplicationService">
    <state width="750" height="147" key="ShowUsagesActions.dimensionServiceKey" timestamp="1743149361605">
      <screen x="0" y="25" width="2048" height="1127" />
    </state>
    <state width="902" height="132" key="ShowUsagesActions.dimensionServiceKey.ideScale=125" timestamp="1742798432037">
      <screen x="0" y="25" width="2560" height="1415" />
    </state>
    <state width="961" height="132" key="ShowUsagesActions.dimensionServiceKey.ideScale=125/2560.717.1352.843/0.25.2560.1415" timestamp="1742795554636" />
    <state width="902" height="132" key="ShowUsagesActions.dimensionServiceKey.ideScale=125/2560.720.1512.944/0.25.2560.1415" timestamp="1742798432037" />
    <state width="553" height="107" key="ShowUsagesActions.dimensionServiceKey/0.25.1920.1055" timestamp="1742735433384" />
    <state width="750" height="147" key="ShowUsagesActions.dimensionServiceKey/0.25.2048.1127" timestamp="1743149361605" />
    <state width="787" height="107" key="ShowUsagesActions.dimensionServiceKey/0.35.1352.843" timestamp="1742711830432" />
    <state width="635" height="187" key="ShowUsagesActions.dimensionServiceKey/0.38.1512.944" timestamp="1742489723027" />
    <state width="663" height="127" key="ShowUsagesActions.dimensionServiceKey/2048.205.1352.843/0.25.2048.1127" timestamp="1742786535281" />
    <state width="891" height="107" key="ShowUsagesActions.dimensionServiceKey/2048.451.1147.715/0.25.2048.1127" timestamp="1742812251279" />
    <state width="751" height="407" key="ShowUsagesActions.dimensionServiceKey/2048.456.1352.843/0.25.2048.1126" timestamp="1743133185389" />
    <state width="674" height="107" key="ShowUsagesActions.dimensionServiceKey/2048.456.1352.843/0.25.2048.1127" timestamp="1743063526943" />
    <state width="653" height="107" key="ShowUsagesActions.dimensionServiceKey/2048.717.1352.843/0.25.2048.1127" timestamp="1742801587787" />
    <state width="752" height="133" key="ShowUsagesActions.dimensionServiceKey/2560.717.1352.843/0.25.2560.1415" timestamp="1742788071417" />
    <state width="1265" height="133" key="ShowUsagesActions.dimensionServiceKey/2560.720.1512.944/0.25.2560.1415" timestamp="1742787697230" />
    <state x="755" y="509" width="895" height="943" key="WELCOME_SCREEN" timestamp="1742485351998">
      <screen x="0" y="38" width="1512" height="944" />
    </state>
    <state x="400" y="431" width="800" height="792" key="WELCOME_SCREEN/0.35.1352.793" timestamp="1742354873098" />
    <state x="755" y="509" width="895" height="943" key="WELCOME_SCREEN/0.38.1512.944" timestamp="1742485351998" />
  </component>
</application>