<application>
  <component name="GeneralSettings">
    <option name="showTipsOnStartup" value="false" />
    <option name="autoSaveIfInactive" value="true" />
    <option name="confirmOpenNewProject2" value="-1" />
    <option name="inactiveTimeout" value="10" />
  </component>
  <component name="Registry">
    <entry key="moved.to.new.ui" value="true" source="SYSTEM" />
    <entry key="ide.experimental.ui" value="true" source="SYSTEM" />
    <entry key="ide.windowSystem.autoShowProcessPopup" value="true" source="SYSTEM" />
  </component>
</application>