<application>
  <component name="Trusted.Paths">
    <option name="TRUSTED_PROJECT_PATHS">
      <map>
        <entry key="$USER_HOME$/DataGripProjects/compax" value="true" />
        <entry key="$USER_HOME$/IdeaProjects/compax/aax2rp/backend-api" value="true" />
        <entry key="$USER_HOME$/IdeaProjects/compax/aax2rp/ocs-backend-api" value="true" />
        <entry key="$USER_HOME$/IdeaProjects/untitled" value="true" />
      </map>
    </option>
  </component>
  <component name="Trusted.Paths.Settings">
    <option name="TRUSTED_PATHS">
      <list>
        <option value="$USER_HOME$/IdeaProjects/compax/aax2rp" />
        <option value="$USER_HOME$/DataGripProjects" />
      </list>
    </option>
  </component>
</application>