<application>
  <component name="DimensionService">
    <size key="GridCell.Tab.0.left.0.0.4096.2304@192dpi" width="3086" height="1066" />
    <size key="GridCell.Tab.0.center.0.0.4096.2304@192dpi" width="3086" height="1066" />
    <size key="GridCell.Tab.0.right.0.0.4096.2304@192dpi" width="3086" height="1066" />
    <size key="GridCell.Tab.0.bottom.0.0.4096.2304@192dpi" width="3086" height="1066" />
    <size key="GridCell.Tab.1.left.0.0.4096.2304@192dpi" width="3086" height="776" />
    <size key="GridCell.Tab.1.center.0.0.4096.2304@192dpi" width="3086" height="776" />
    <size key="GridCell.Tab.1.right.0.0.4096.2304@192dpi" width="3086" height="776" />
    <size key="GridCell.Tab.1.bottom.0.0.4096.2304@192dpi" width="3086" height="776" />
  </component>
  <component name="WindowManager">
    <frame x="974" y="25" width="1074" height="1126" />
  </component>
</application>